subreddit,category,subcategory
gaming,General,
Games,General,
outside,General,
truegaming,General,
gamernews,General,
gamephysics,General,
webgames,General,
IndieGaming,General,
patientgamers,General,
AndroidGaming,General,
randomactsofgaming,General,
speedrun,General,
gamemusic,General,
emulation,General,
MMORPG,General,
gamecollecting,General,
hitboxporn,General,
gamingcirclejerk,General,
gamingdetails,General,
gaming4gamers,General,
retrogaming,General,
itemshop,General,
pcmasterrace,PC,
pcgaming,PC,
gamingpc,PC,
steam,PC,
linux_gaming,PC,
nintendo,Nintendo,
3DS,Nintendo,
wiiu,Nintendo,
nintendoswitch,Nintendo,
3dshacks,Nintendo,
amiibo,Nintendo,
PS4,Sony,
sony,Sony,
PS3,Sony,
playstation,Sony,
vita,Sony,
PSVR,Sony,
playstationplus,Sony,
xbox,Microsoft,
xboxone,Microsoft,
microsoft,Microsoft,
originalxbox,Microsoft,
XboxSeriesX,Microsoft,
GameDeals,Deals,
steamdeals,Deals,
PS4Deals,Deals,
freegamesonsteam,Deals,
shouldibuythisgame,Deals,
nintendoswitchdeals,Deals,
freegamefindings,Deals,
GreatXboxDeals,Deals,
DotA2,Game,
starcraft,Game,
smashbros,Game,
dayz,Game,
civ,Game,
KerbalSpaceProgram,Game,
masseffect,Game,
clashofclans,Game,
starbound,Game,
heroesofthestorm,Game,
terraria,Game,
dragonage,Game,
citiesskylines,Game,
smite,Game,
bindingofisaac,Game,
eve,Game,
starcitizen,Game,
animalcrossing,Game,
metalgearsolid,Game,
elitedangerous,Game,
bloodborne,Game,
monsterhunter,Game,
warframe,Game,
undertale,Game,
thedivision,Game,
stardewvalley,Game,
nomansskythegame,Game,
totalwar,Game,
pathofexile,Game,
ClashRoyale,Game,
crusaderkings,Game,
dwarffortress,Game,
eu4,Game,
thesims,Game,
assassinscreed,Game,
playrust,Game,
forhonor,Game,
stellaris,Game,
kingdomhearts,Game,
blackdesertonline,Game,
factorio,Game,
Warhammer,Game,
splatoon,Game,
rimworld,Game,
Xcom,Game,
streetfighter,Game,
paydaytheheist,Game,
MonsterHunterWorld,Game,
Seaofthieves,Game,
cyberpunkgame,Game,
warhammer40k,Game,
paladins,Game,
osugame,Game,
spidermanps4,Game,
persona5,Game,
horizon,Game,
reddeadredemption,Game,
reddeadredemption2,Game,
mountandblade,Game,
deadbydaylight,Game,
farcry,Game,
hoi4,Game,
warthunder,Game,
grandorder,Game,
divinityoriginalsin,Game,
escapefromtarkov,Game,
theexpanse,Game,
darkestdungeon,Game,
forza,Game,
godofwar,Game,
ark,Game,
bioshock,Game,
edh,Game,
summonerswar,Game,
duellinks,Game,
arma,Game,
pathfinderrpg,Game,
footballmanagergames,Game,
kingdomcome,Game,
subnautica,Game,
thelastofus,Game,
doom,Game,
jrpg,Game,
apexlegends,Game,
smashbrosultimate,Game,
brawlstars,Game,
anthemthegame,Game,
mortalkombat,Game,
sekiro,Game,
TeamfightTactics,Game,
afkarena,Game,
tf2,Game,
starwarsbattlefront,Game,
rainbow6,Game,Rainbow Six
titanfall,Game,
shittyrainbow6,Game,Rainbow Six
fifa,Game,Sports
nba2k,Game,Sports
wow,Game,Wow
guildwars2,Game,
swtor,Game,
classicwow,Game,Wow
borderlands,Game,Borderlands
borderlands2,Game,Borderlands
DarkSouls,Game,Dark Souls
DarkSouls2,Game,Dark Souls
DarkSouls3,Game,Dark Souls
diablo,Game,Diablo
diablo3,Game,Diablo
elderscrollsonline,Game,Elder Scrolls
ElderScrolls,Game,Elder Scrolls
teslore,Game,Elder Scrolls
Skyrim,Game,Skyrim
skyrimmods,Game,Skyrim
fallout,Game,Fallout
fo4,Game,Fallout
fo76,Game,Fallout
fireemblem,Game,Fire Emblem
FireEmblemHeroes,Game,Fire Emblem
FortniteBR,Game,Fortnite
Fortnite,Game,Fortnite
FortniteBattleRoyale,Game,Fortnite
Fortnitecompetitive,Game,Fortnite
FortniteLeaks,Game,Fortnite
wholesomefortnite,Game,Fortnite
GrandTheftAutoV,Game,GTA
gtav,Game,GTA
gtaonline,Game,GTA
hearthstone,Game,Hearthstone
CompetitiveHS,Game,Hearthstone
customhearthstone,Game,Hearthstone
minecraft,Game,Minecraft
feedthebeast,Game,Minecraft
Minecraftbuilds,Game,Minecraft
overwatch,Game,Overwatch
competitiveoverwatch,Game,Overwatch
overwatchuniversity,Game,Overwatch
Overwatch_Memes,Game,Overwatch
PUBATTLEGROUNDS,Game,PUBG
PUBG,Game,PUBG
pubgxboxone,Game,PUBG
pubgmobile,Game,PUBG
rocketleague,Game,Rocket League
rocketleagueexchange,Game,Rocket League
witcher,Game,Witcher
gwent,Game,Witcher
battlefield_4,Game,Battlefield
battlefield,Game,Battlefield
battlefield_one,Game,Battlefield
battlefieldv,Game,Battlefield
blackops3,Game,Call of Duty
CODZombies,Game,Call of Duty
callofduty,Game,Call of Duty
WWII,Game,Call of Duty
blackops4,Game,Call of Duty
codcompetitive,Game,Call of Duty
GlobalOffensive,Game,Counter Strike
csgo,Game,Counter Strike
halo,Game,Halo
haloonline,Game,Halo
DestinyTheGame,Game,Destiny
fireteams,Game,Destiny
destiny2,Game,Destiny
raidsecrets,Game,Destiny
leagueoflegends,Game,League of Legends
summonerschool,Game,League of Legends
LoLeventVODs,Game,League of Legends
zelda,Game,Zelda
breath_of_the_wild,Game,Zelda
